No,item1,item2,item3
1,a,0.873156882,0.070817721
2,b,0.500269623,0.840288107
3,c,0.048210562,0.217789472
4,d,0.081177524,0.537273046
5,e,0.402506477,0.94969908
6,f,0.232143345,0.159552324
7,g,0.656211793,0.751441808
8,h,0.958711936,0.500589142
9,i,0.169908876,0.540867072
10,j,0.606526676,0.789270291
